{"branches": 52.11581291759465, "coverage": 44.526854219948845}