{"branches": 52.79069767441861, "coverage": 44.462215113954414}