{"branches": 52.77777777777778, "coverage": 44.2686170212766}