{"branches": 52.80373831775701, "coverage": 44.71479856402074}